Ürün Kodu,Standart Ürün Adı,Barkod (EAN-13)
DNC-002,Platin Yemek Çatalı (12'li),8683581657010
DNC-003,Platin Tatlı Kaşığı (12'li),8683581657034
DNC-004,Platin Tatlı Çatalı (12'li),8683581657041
DNC-005,Platin Çay Kaşığı (12'li),8683581657058
DNC-006,Platin Yemek Bıçağı (12'li),8683581657027
DNC-007,Platin Pasta Bıçağı (12'li),8683581657065
DNC-008,Platin Dondurma Kaşığı (12'li),8683581657089
DNC-009,Platin Nescafe Kaşığı (12'li),8683581657072
DNC-010,Platin Servis Kepçesi,8683581657096
DNC-011,Platin Servis Kevgiri,8683581657102
DNC-012,Platin Servis Kaşığı,8683581657119
DNC-013,Platin Servis Spatulası,8683581657126
DNC-014,Platin Servis Çatalı,8683581657133
DNC-015,Platin 5'li Servis Seti,8683581657638
DNC-016,PLATİN 30 PRÇ Ç.K.B SET,8683581657461
DNC-017,Platin 36 Parça Çatal-Kaşık-Bıçak Seti,8683581657478
DNC-018,Platin 60 Parça Çatal-Kaşık-Bıçak Seti,8683581657485
DNC-019,Platin 72 Parça Çatal-Kaşık-Bıçak Seti,8683581657492
DNC-020,Platin 89 Parça Çatal-Kaşık-Bıçak Seti,8683581657515
DNC-021,Platin ? Mira Gold (ürün tipi dosya adında yok),8683581657683
DNC-022,Platin ? Mira Gold (ürün tipi dosya adında yok),8683581657676
DNC-023,1 AD TİTANİUM İSTİRİDYE ŞEKER MAŞASI,8683581657928
DNC-025,Platin 36 Parça Çatal-Kaşık-Bıçak Seti Titanium,8683581657539
DNC-027,PLATİN 36 PRÇ GOLD SİYAH Ç.K.B SET,8683581657959
DNC-029,Platin Nescafe Kaşığı Titanium (6'lı),8683581657560
DNC-030,Platin 5'li Servis Seti Titanium,8683581657645
DNC-031,PLATİN 5 PRÇ GOLD SERVİS SET,8683581657669
DNC-032,PLATİN MAT TİTANİUM SEERVİS SET,8683613550647
DNC-033,PLATİN 5 PRÇ GOLD BEYAZ SET,8683581657621
DNC-034,3LÜ GOLD TOMURCUK MAŞA SET,8683581657966
DNC-035,PLATİN 5 PRÇ GOLD SİYAH SET,8683581657652
DNC-037,Damla Salata Maşası,8683613550708
DNC-039,3'LÜ GÜMÜŞ TOMURCUK MAŞA SET,8683581657416
DNC-040,Damla 3'lü Maşa Seti Titanium,8683581657423
DNC-041,MAŞA SET GOLD SİYAH,8683581657430
DNC-043,İSTİRİDYE KAŞIK SET SADE,8683581657584
DNC-044,6'LI MİDYE KAŞIK TİTANİUM SET,8683581657591
DNC-045,MİDYE KAŞIK MAT TİTANİUM SET,8683613550487
DNC-047,6'LI MİDYE KAŞIK GOLD BEYAZ SET,8683581657614
DNC-048,6'LI İSTİRİDYE ÇAY  KAŞIK SADE,8683581657973
DNC-049,Damla 3'lü Maşa Seti Gold,8683613550494
DNC-050,Gümüş Yemek Kaşığı (12'li),8683581657171
DNC-051,Gümüş Yemek Çatalı (12'li),8683581657188
DNC-052,Gümüş Tatlı Kaşığı (12'li),8683581657201
DNC-053,Gümüş Tatlı Çatalı (12'li),8683581657218
DNC-054,Gümüş Çay Kaşığı (12'li),8683581657225
DNC-055,Gümüş Yemek Bıçağı (12'li),8683581657195
DNC-056,Gümüş Pasta Bıçağı (12'li),8683581657232
DNC-057,Gümüş Servis Kepçesi,8683581657249
DNC-058,Gümüş Servis Kevgiri,8683581657256
DNC-059,Gümüş Servis Kaşığı,8683581657263
DNC-060,Gümüş Servis Spatulası,8683581657270
DNC-061,Gümüş Servis Çatalı,8683581657287
DNC-062,Gümüş 5'li Servis Seti,8683581657829
DNC-063,Gümüş 36 Parça Çatal-Kaşık-Bıçak Seti,8683581657720
DNC-064,Gümüş 60 Parça Çatal-Kaşık-Bıçak Seti,8683581657737
DNC-065,Gümüş 72 Parça Çatal-Kaşık-Bıçak Seti,8683581657744
DNC-066,Okyanus Yemek Kaşığı (12'li),8683581657294
DNC-067,Okyanus Yemek Çatalı (12'li),8683581657300
DNC-068,Okyanus Tatlı Kaşığı (12'li),8683581657324
DNC-069,Okyanus Tatlı Çatalı (12'li),8683581657331
DNC-070,Okyanus Çay Kaşığı (12'li),8683581657348
DNC-071,Okyanus Yemek Bıçağı (12'li),8683581657317
DNC-072,OKYANUS 30 PRÇ ÇKB SET,8683581657836
DNC-073,Okyanus 36 Parça Çatal-Kaşık-Bıçak Seti,8683581657843
DNC-074,Okyanus 60 Parça Çatal-Kaşık-Bıçak Seti,8683581657850
DNC-078,Gökkuşağı Yemek Kaşığı (12'li),8683581657362
DNC-079,Gökkuşağı Yemek Çatalı (12'li),8683581657454
DNC-080,Gökkuşağı Tatlı Kaşığı (12'li),8683581657386
DNC-081,Gökkuşağı Tatlı Çatalı (12'li),8683581657393
DNC-082,Gökkuşağı Çay Kaşığı (12'li),8683581657409
DNC-083,Gökkuşağı Yemek Bıçağı (12'li),8683581657379
DNC-084,Gökkuşağı 30 Parça Çatal-Kaşık-Bıçak Seti,8683581657874
DNC-085,Gökkuşağı 36 Parça Çatal-Kaşık-Bıçak Seti,8683581657881
DNC-086,Gökkuşağı 60 Parça Çatal-Kaşık-Bıçak Seti,8683581657898
DNC-087,Gökkuşağı 72 Parça Çatal-Kaşık-Bıçak Seti,8683581657904
DNC-088,Platin 84 Parça Çatal-Kaşık-Bıçak Seti,8683581657508
DNC-089,Platin Yemek Kaşığı (6'lı),8683613550005
DNC-090,Platin Yemek Çatalı (6'lı),8683613550012
DNC-091,Platin Tatlı Çatalı (6'lı),8683613550043
DNC-092,Platin Tatlı Kaşığı (6'lı),8683613550036
DNC-093,Platin Çay Kaşığı (6'lı),8683613550067
DNC-095,Platin Pasta Bıçağı (3'lü),8683613550050
DNC-096,Platin Nescafe Kaşığı (6'lı),8683613550074
DNC-097,Platin Dondurma Kaşığı (6'lı),8683613550081
DNC-098,Gümüş Yemek Kaşığı (6'lı),8683613550098
DNC-099,Gümüş Yemek Çatalı (6'lı),8683613550104
DNC-100,Gümüş Tatlı Kaşığı (6'lı),8683613550128
DNC-101,Gümüş Tatlı Çatalı (6'lı),8683613550135
DNC-102,Gümüş Çay Kaşığı (6'lı),8683613550159
DNC-103,Gümüş Pasta Bıçağı (3'lü),8683613550142
DNC-104,Gümüş Yemek Bıçağı (3'lü),8683613550111
DNC-105,Okyanus Yemek Kaşığı (6'lı),8683613550166
DNC-106,Okyanus Yemek Çatalı (6'lı),8683613550173
DNC-107,Okyanus Tatlı Kaşığı (6'lı),8683613550197
DNC-108,Okyanus Tatlı Çatalı (6'lı),8683613550203
DNC-109,Okyanus Çay Kaşığı (6'lı),8683613550210
DNC-110,Okyanus Yemek Bıçağı (3'lü),8683613550180
DNC-111,Gökkuşağı Yemek Kaşığı (6'lı),8683613550227
DNC-112,Gökkuşağı Yemek Çatalı (6'lı),8683613550234
DNC-113,Gökkuşağı Tatlı Kaşığı (6'lı),8683613550258
DNC-114,Gökkuşağı Tatlı Çatalı (6'lı),8683613550265
DNC-115,Gökkuşağı Çay Kaşığı (6'lı),8683613550272
DNC-116,Gökkuşağı Yemek Bıçağı (3'lü),8683613550241
DNC-118,6'LI ÇUBUK ÇAY KAŞIK,8683581657911
DNC-120,Kelebek Maşa Seti Gold,8683581657690
DNC-121,BUZ MAŞASI 1 ADET,8683581657706
DNC-123,Kelebek Maşa Seti Gümüş,8683613550623
DNC-124,PLATİN 36 PRÇ GOLD(ALTIN) SET,8683581657522
DNC-125,Platin Çay Kaşığı Gold (12'li),8683613550357
DNC-128,PLATİN 72 PRÇ Ç.K.B TİTANİUM SET,8683613550388
DNC-129,"2,Lİ PASTA SET GOLD TÜY",8683613550395
DNC-130,"2,Lİ PASTA SET GÜMÜŞ TÜY",8683613550401
DNC-131,"3,LÜ MAT TİTANİUM MAŞA  SET",8683613550418
DNC-133,3'LÜ  GÜMÜŞ MAŞA BEYAZ  KELEBEK DEKORLU,8683613550432
DNC-134,3'LÜ MAŞA GÜMÜŞ SET KİRAZ DEKORLU,8683613550449
DNC-135,MİDYE KAŞIK SET SADE SİYAH,8683613550456
DNC-136,MİDYE KAŞIK SET SADE BEYAZ,8683613550463
DNC-137,Platin 89 Parça Çatal-Kaşık-Bıçak Seti Titanium,8683613550470
DNC-138,"İSTİRİDYE SİYAH TİTANİUM 6,LI",8683613550333
DNC-139,Damla 3'lü Maşa Seti,8683613550500
DNC-140,Damla 3'lü Maşa Seti Mat Titanium,8683613550517
DNC-147,Platin Servis Kepçesi Titanium,8683613550586
DNC-148,"NESTCAFE KAŞIK SİYAH TİTANİUM 6,LI",8683613550319
DNC-149,Platin Servis Kevgiri Titanium,8683613550562
DNC-151,Kelebek Sunum Sosluk Gold,8683613550326
DNC-152,Kelebek Sunum Sosluk Gümüş,8683613550340
DNC-155,Platin Dondurma Kaşığı Titanium (6'lı),8683613550784
DNC-157,Platin Servis Kaşığı Titanium,8683613550609
DNC-158,Platin Servis Spatulası Titanium,8683613550579
DNC-159,Platin Servis Çatalı Titanium,8683613550555
DNC-160,Okyanus Sos Kepçesi,8683613550547
DNC-161,Okyanus Sos Kevgiri,8683613550630
DNC-162,Okyanus Sos Servis Kaşığı,8683613550371
DNC-163,Okyanus Sos Spatulası,8683613550364
DNC-164,Okyanus Sos Servis Çatalı,8683613550524
DNC-165,Okyanus 5'li Sos Servis Seti,8683613550616
DNC-166,Okyanus Sos Kepçesi Titanium,8683613550661
DNC-177,Okyanus Sos Servis Kaşığı Mira Gold,8683613550739
DNC-178,MİRA GOLD SOS SERVİS SPATULA,8683613550746
DNC-179,Okyanus Sos Servis Çatalı Mira Gold,8683613550753
DNC-185,LİLİUM GOLD AMBER SOS SERVİS SET,8683613550814
DNC-186,Platin Yemek Kaşığı Titanium (6'lı),8683613550821
DNC-187,Platin Yemek Çatalı Titanium (6'lı),8683613550838
DNC-188,Platin Tatlı Kaşığı Titanium (6'lı),8683613550845
DNC-189,Platin Tatlı Çatalı Titanium (6'lı),8683613550852
DNC-190,Platin Çay Kaşığı Titanium (6'lı),8683613550869
DNC-191,Platin Yemek Bıçağı Titanium (3'lü),8683613550876
DNC-192,Platin Pasta Bıçağı Titanium (3'lü),8683613550883
DNC-193,SALATA MAŞASI TİTANİUM,8683613550289
DNC-194,PASTA MAŞASI TİTANİUM,8683613550654
DNC-195,MAKARNA MAŞASI TİTANİUM,8683613550425
DNC-196,"2,Lİ GÜMÜŞ TÜY PASTA SERVİS SET",8683613550890
DNC-197,"5,Lİ GÜMÜŞ TÜY SOS SERVİS SET",8683613550906
DNC-198,"2,Lİ GOLD TÜY PASTA SERVİS SET",8683613550913
DNC-199,"5,Lİ GOLD TÜY SOS SERVİS SET",8683613550920
DNC-200,"2,Lİ GÜMÜŞ PASTA SET",8683613550937
DNC-201,"2,Lİ GOLD PASTA SET",8683613550944
DNC-202,"2,Lİ GOLD BLACK  PASTA SET",8683613550951
DNC-203,"2,Lİ MAT GOLD PASTA SET",8683613550968
DNC-204,"2,Lİ ANTİK MAT GOLD PASTA SET",8683613550975
DNC-205,Zerafet 5'li Sunum Servis Seti Gümüş,8683613550982
DNC-206,Zerafet 5'li Sunum Servis Seti Gold,8683613550999
