Tür,ID,Sayfa/Ürün,SEO Başlığı,Meta Açıklama,Başlık uzunluğu,Açıklama uzunluğu
post,24,sayfa 24,"Dincel Çelik | Paslanmaz Çelik Çatal, Kaşık ve Bıçak","2008'den beri Bayrampaşa'daki atölyemizde paslanmaz çelik çatal, kaşık, bıçak takımları ve servis ürünleri üretiyoruz. Sade, gold ve titanyum seçenekleri.",52,154
post,18,sayfa 18,"Tüm Ürünler: Çatal, Kaşık, Bıçak ve Takımlar | Dincel Çelik","Paslanmaz çelik kaşık, çatal, bıçak, 30–89 parça takımlar, servis setleri ve maşalar. Platin, Gümüş, Okyanus ve diğer modellerde üreticiden direkt satış.",59,153
post,988066,sayfa 988066,Hakkımızda | 2008'den Beri Atölyeden Sofraya | Dincel Çelik,"Dincel Çelik, 2008'den beri İstanbul Bayrampaşa'daki atölyesinde paslanmaz çelik çatal, kaşık, bıçak ve servis ürünleri üretir. Hikayemiz ve değerlerimiz.",59,154
post,988069,sayfa 988069,İletişim | Bayrampaşa Atölyesi | Dincel Çelik,"Dincel Çelik atölyesi: Sarı Dökümcüler Sanayi Sitesi, Bayrampaşa / İstanbul. Sipariş, toptan satış ve sorularınız için 0536 427 0557 ya da WhatsApp.",45,148
post,988070,sayfa 988070,Sıkça Sorulan Sorular | Dincel Çelik,"Malzeme, kaplamalı ürünlerin bakımı, eksik parça alımı, takım içerikleri ve toptan sipariş hakkında merak ettiklerinizin yanıtları.",36,131
post,988068,sayfa 988068,Toptan ve Kurumsal Çatal Kaşık Bıçak | Dincel Çelik,"Otel, restoran, kafe ve kurumlar için paslanmaz çelik çatal, kaşık ve bıçakta toptan satış. Üreticiden direkt fiyat ve proje bazlı teklif için bize ulaşın.",51,155
post,988067,sayfa 988067,"Kaplama Seçenekleri: Gold, Titanyum, Saten | Dincel Çelik","Sade krom, saten, gold, titanyum ve mat titanyum yüzeyler arasındaki farklar ve kaplamalı çatal kaşık bıçakların ışıltısını korumak için bakım önerileri.",57,153
post,988172,sayfa 988172,İade ve Değişim Koşulları | Dincel Çelik,"Teslimattan itibaren 14 gün içinde cayma hakkı, iade koşulları, ücretsiz iade gönderimi ve ücret iadesi süreci hakkında bilgiler.",40,129
post,988214,sayfa 988214,Çatal Kaşık Bıçak Takımı Seçerken Nelere Dikkat Etmeli?,"Kişi sayısı, parça sayısı, malzeme ve kaplama: çatal kaşık bıçak takımı seçerken bakmanız gereken noktaları üretici gözüyle anlattık.",55,133
post,988215,sayfa 988215,Kaplamalı Çatal Bıçak Bakımı: Parıltıyı Koruma Rehberi,"Gold ve titanyum kaplamalı çatal, kaşık ve bıçakların ilk günkü parlaklığını korumak için yıkama, kurulama ve saklama önerileri.",54,128
post,988216,sayfa 988216,Çeyiz İçin Çatal Kaşık Bıçak Takımı: Kaç Parça Yeterli?,"Çeyiz için 36, 60, 72, 84 ve 89 parçalık takımlar arasındaki farklar; kişi sayısına ve kullanım alışkanlığına göre doğru takımı seçme rehberi.",55,142
term,194,terim 194,Paslanmaz Çelik Kaşık Çeşitleri | Dincel Çelik,"Yemek, tatlı, çay, nescafe ve dondurma kaşıkları; 6'lı ve 12'li paketler. Platin, Gümüş, Okyanus ve Gökkuşağı modellerinde sade, gold ve titanyum.",46,146
term,200,terim 200,Paslanmaz Çelik Yemek ve Tatlı Çatalı | Dincel Çelik,Yemek ve tatlı çatalları 6'lı ve 12'li paketlerde. Aynı modeldeki kaşık ve bıçaklarla uyumlu; sade ve titanyum seçenekli paslanmaz çelik çatallar.,52,146
term,201,terim 201,Paslanmaz Çelik Yemek ve Pasta Bıçağı | Dincel Çelik,"Yemek ve pasta bıçakları 3'lü ve 12'li paketlerde. Platin, Gümüş, Okyanus ve Gökkuşağı modellerinde, takımınızı tamamlayan paslanmaz çelik bıçaklar.",52,148
term,202,terim 202,Çatal Kaşık Bıçak Takımı (30–89 Parça) | Dincel Çelik,"6 ve 12 kişilik, 30, 36, 60, 72, 84 ve 89 parçalık paslanmaz çelik çatal kaşık bıçak takımları. Günlük kullanım, misafir sofraları ve çeyiz için.",53,145
term,219,terim 219,"Servis Kepçesi, Kevgir ve Servis Seti | Dincel Çelik","Servis kepçesi, kevgir, servis kaşığı, çatalı ve spatulası; tekli ya da 5'li set. Okyanus sos servis ürünleri sade, titanyum ve Mira Gold seçenekli.",52,148
term,220,terim 220,"Makarna, Salata ve Pasta Maşası | Dincel Çelik","Damla ve Kelebek modellerinde makarna, salata ve pasta maşaları ile 3'lü maşa setleri. Sade, titanyum, mat titanyum, gold ve gümüş seçenekleri.",46,143
term,223,terim 223,Sunum Seti ve Dekoratif Sosluk | Dincel Çelik,"Kelebek sunum sosluk ve Zerafet 5'li sunum servis seti; gold, antik gold ve gümüş seçenekleriyle kahvaltı ve davet sofralarına zarif bir dokunuş.",45,145
term,195,terim 195,Platin Model Çatal Kaşık Bıçak | Dincel Çelik,"Platin: en geniş seri. Kaşık, çatal, bıçak, servis ürünleri ve 36–89 parça takımlar; sade ve titanyum, çay kaşığında gold seçeneği.",45,131
term,198,terim 198,Gümüş Model Çatal Kaşık Bıçak | Dincel Çelik,"Gümüş: klasik ve zamansız seri. Tekli kaşık, çatal ve bıçaklardan servis ürünlerine, 30–89 parçalık takımlara kadar geniş seçenek.",44,130
term,199,terim 199,Okyanus Model Çatal Kaşık Bıçak | Dincel Çelik,"Okyanus: çatal kaşık bıçak takımları ve sos servis ürünleri. Sade, titanyum, mat titanyum ve Mira Gold kaplama seçenekleri.",46,123
term,197,terim 197,Gökkuşağı Model Çatal Kaşık Bıçak | Dincel Çelik,"Gökkuşağı: sofraya karakter katan seri. Kaşık, çatal ve bıçaklar ile 30, 36, 60 ve 72 parçalık çatal kaşık bıçak takımları.",48,123
term,221,terim 221,Damla Model Maşa ve Maşa Seti | Dincel Çelik,"Damla: makarna, salata ve pasta maşaları ile sade, titanyum, mat titanyum ve gold seçenekli 3'lü maşa setleri.",44,110
term,222,terim 222,Kelebek Model Maşa Seti ve Sosluk | Dincel Çelik,Kelebek: dekoratif kelebek detaylı maşa seti ve sunum sosluk; gold ve gümüş seçenekleriyle davet sofralarına özel.,48,114
term,224,terim 224,Zerafet Model Sunum Setleri | Dincel Çelik,"Zerafet: gümüş, gold ve antik gold seçenekli 5'li sunum servis seti. Kahvaltı ve davet sofraları için zarif bir sunum.",42,118
post,987938,Kelebek Sunum Sosluk,Kelebek Sunum Sosluk | Paslanmaz Çelik | Dincel Çelik,"Kelebek model paslanmaz çelik sunum sosluk, tekli olarak satılır. Kaplama: gold, gümüş. Bayrampaşa'daki atölyemizde üretilir.",53,125
post,987937,Zerafet 5'li Sunum Servis Seti,Zerafet 5'li Sunum Servis Seti | Dincel Çelik,"Zerafet model paslanmaz çelik 5'li sunum servis seti. Kaplama: Antik Gold, gold, gümüş. Bayrampaşa'daki atölyemizde üretilir.",45,125
post,987936,Damla Salata Maşası,Damla Salata Maşası | Paslanmaz Çelik | Dincel Çelik,"Damla model paslanmaz çelik salata maşası, tekli olarak satılır. Salatayı dağıtmadan servis etmek için. Bayrampaşa'daki atölyemizde üretilir.",52,141
post,987935,Damla Pasta Maşası,Damla Pasta Maşası | Paslanmaz Çelik | Dincel Çelik,"Damla model paslanmaz çelik pasta maşası, tekli olarak satılır. Pasta ve tatlı dilimlerini kolayca servis etmek için. Bayrampaşa'daki atölyemizde üretilir.",51,155
post,987934,Damla Makarna Maşası,Damla Makarna Maşası | Paslanmaz Çelik | Dincel Çelik,"Damla model paslanmaz çelik makarna maşası, tekli olarak satılır. Makarna ve erişteyi kolayca servis etmek için. Bayrampaşa'daki atölyemizde üretilir.",53,150
post,987933,Kelebek Maşa Seti,Kelebek Maşa Seti | Paslanmaz Çelik | Dincel Çelik,"Kelebek model paslanmaz çelik maşa seti. Dekoratif kelebek detaylı, davet sofralarına özel. Kaplama: gold, gümüş. Bayrampaşa'daki atölyemizde üretilir.",50,151
post,987932,Damla 3'lü Maşa Seti,Damla 3'lü Maşa Seti | Paslanmaz Çelik | Dincel Çelik,"Damla model paslanmaz çelik 3'lü maşa seti. Makarna, salata ve pasta maşasından oluşur. Kaplama: sade, gold, mat titanyum, titanyum.",53,132
post,987931,Okyanus Sos Spatulası,Okyanus Sos Spatulası | Paslanmaz Çelik | Dincel Çelik,"Okyanus model paslanmaz çelik sos spatulası, tekli olarak satılır. Kaplama: sade, titanyum. Bayrampaşa'daki atölyemizde üretilir.",54,129
post,987930,Okyanus Sos Servis Çatalı,Okyanus Sos Servis Çatalı | Paslanmaz Çelik | Dincel Çelik,"Okyanus model paslanmaz çelik sos servis çatalı, tekli olarak satılır. Kaplama: sade, Mira Gold, titanyum. Bayrampaşa'daki atölyemizde üretilir.",58,144
post,987929,Okyanus Sos Servis Kaşığı,Okyanus Sos Servis Kaşığı | Paslanmaz Çelik | Dincel Çelik,"Okyanus model paslanmaz çelik sos servis kaşığı, tekli olarak satılır. Kaplama: sade, Mira Gold, titanyum. Bayrampaşa'daki atölyemizde üretilir.",58,144
post,987928,Okyanus Sos Kevgiri,Okyanus Sos Kevgiri | Paslanmaz Çelik | Dincel Çelik,"Okyanus model paslanmaz çelik sos kevgiri, tekli olarak satılır. Kaplama: sade, Mira Gold, titanyum. Bayrampaşa'daki atölyemizde üretilir.",52,138
post,987927,Okyanus Sos Kepçesi,Okyanus Sos Kepçesi | Paslanmaz Çelik | Dincel Çelik,"Okyanus model paslanmaz çelik sos kepçesi, tekli olarak satılır. Kaplama: sade, Mira Gold, titanyum. Bayrampaşa'daki atölyemizde üretilir.",52,138
post,987926,Okyanus 5'li Sos Servis Seti,Okyanus 5'li Sos Servis Seti | Dincel Çelik,"Okyanus model paslanmaz çelik 5'li sos servis seti. Kaplama: sade, mat titanyum, Mira Gold, titanyum. Bayrampaşa'daki atölyemizde üretilir.",43,139
post,987925,Platin Servis Çatalı,Platin Servis Çatalı | Paslanmaz Çelik | Dincel Çelik,"Platin model paslanmaz çelik servis çatalı, tekli olarak satılır. Et, salata ve meze servisinde kullanılır. Kaplama: sade, titanyum.",53,132
post,987924,Gümüş Servis Çatalı,Gümüş Servis Çatalı | Paslanmaz Çelik | Dincel Çelik,"Gümüş model paslanmaz çelik servis çatalı, tekli olarak satılır. Et, salata ve meze servisinde kullanılır. Bayrampaşa'daki atölyemizde üretilir.",52,144
post,987923,Platin Servis Spatulası,Platin Servis Spatulası | Paslanmaz Çelik | Dincel Çelik,"Platin model paslanmaz çelik servis spatulası, tekli olarak satılır. Börek, pasta ve kızartma servisinde kullanılır. Kaplama: sade, titanyum.",56,141
post,987922,Gümüş Servis Spatulası,Gümüş Servis Spatulası | Paslanmaz Çelik | Dincel Çelik,"Gümüş model paslanmaz çelik servis spatulası, tekli olarak satılır. Börek, pasta ve kızartma servisinde kullanılır. Bayrampaşa'daki atölyemizde üretilir.",55,153
post,987921,Platin Servis Kevgiri,Platin Servis Kevgiri | Paslanmaz Çelik | Dincel Çelik,"Platin model paslanmaz çelik servis kevgiri, tekli olarak satılır. Yiyecekleri süzerek servis etmek için. Kaplama: sade, titanyum.",54,130
post,987920,Gümüş Servis Kevgiri,Gümüş Servis Kevgiri | Paslanmaz Çelik | Dincel Çelik,"Gümüş model paslanmaz çelik servis kevgiri, tekli olarak satılır. Yiyecekleri süzerek servis etmek için. Bayrampaşa'daki atölyemizde üretilir.",53,142
post,987919,Platin Servis Kepçesi,Platin Servis Kepçesi | Paslanmaz Çelik | Dincel Çelik,"Platin model paslanmaz çelik servis kepçesi, tekli olarak satılır. Çorba ve sulu yemek servisinde kullanılır. Kaplama: sade, titanyum.",54,134
post,987918,Gümüş Servis Kepçesi,Gümüş Servis Kepçesi | Paslanmaz Çelik | Dincel Çelik,"Gümüş model paslanmaz çelik servis kepçesi, tekli olarak satılır. Çorba ve sulu yemek servisinde kullanılır. Bayrampaşa'daki atölyemizde üretilir.",53,146
post,987917,Platin Servis Kaşığı,Platin Servis Kaşığı | Paslanmaz Çelik | Dincel Çelik,"Platin model paslanmaz çelik servis kaşığı, tekli olarak satılır. Pilav, garnitür ve salata servisinde kullanılır. Kaplama: sade, titanyum.",53,139
post,987916,Gümüş Servis Kaşığı,Gümüş Servis Kaşığı | Paslanmaz Çelik | Dincel Çelik,"Gümüş model paslanmaz çelik servis kaşığı, tekli olarak satılır. Pilav, garnitür ve salata servisinde kullanılır. Bayrampaşa'daki atölyemizde üretilir.",52,151
post,987915,Platin 5'li Servis Seti,Platin 5'li Servis Seti | Paslanmaz Çelik | Dincel Çelik,"Platin model paslanmaz çelik 5'li servis seti: servis kepçesi, kevgir, servis kaşığı, servis çatalı ve spatula. Kaplama: sade, titanyum.",56,136
post,987914,Gümüş 5'li Servis Seti,Gümüş 5'li Servis Seti | Paslanmaz Çelik | Dincel Çelik,"Gümüş model paslanmaz çelik 5'li servis seti: servis kepçesi, kevgir, servis kaşığı, servis çatalı ve spatula. Bayrampaşa'daki atölyemizde üretilir.",55,148
post,987913,Platin Çatal Kaşık Bıçak Takımı,Platin Çatal Kaşık Bıçak Takımı 36–89 Parça | Dincel Çelik,"Platin model paslanmaz çelik çatal kaşık bıçak takımı, 36–89 parça seçenekli. Günlük kullanım, misafir sofraları ve çeyiz için. Kaplama: sade, titanyum.",58,152
post,987912,Okyanus Çatal Kaşık Bıçak Takımı,Okyanus Çatal Kaşık Bıçak Takımı 36–72 Parça | Dincel Çelik,"Okyanus model paslanmaz çelik çatal kaşık bıçak takımı, 36–72 parça seçenekli. Günlük kullanım, misafir sofraları ve çeyiz için.",59,128
post,987911,Gümüş Çatal Kaşık Bıçak Takımı,Gümüş Çatal Kaşık Bıçak Takımı 30–89 Parça | Dincel Çelik,"Gümüş model paslanmaz çelik çatal kaşık bıçak takımı, 30–89 parça seçenekli. Günlük kullanım, misafir sofraları ve çeyiz için.",57,126
post,987910,Gökkuşağı Çatal Kaşık Bıçak Takımı,Gökkuşağı Çatal Kaşık Bıçak Takımı | Dincel Çelik,"Gökkuşağı model paslanmaz çelik çatal kaşık bıçak takımı, 30–72 parça seçenekli. Günlük kullanım, misafir sofraları ve çeyiz için.",49,130
post,987909,Platin Yemek Bıçağı,Platin Yemek Bıçağı 3'lü ve 12'li | Dincel Çelik,"Platin model paslanmaz çelik yemek bıçağı, 3'lü ve 12'li paket seçenekleriyle. Kaplama: sade, titanyum. Bayrampaşa'daki atölyemizde üretilir.",48,141
post,987908,Okyanus Yemek Bıçağı,Okyanus Yemek Bıçağı 3'lü ve 12'li | Dincel Çelik,"Okyanus model paslanmaz çelik yemek bıçağı, 3'lü ve 12'li paket seçenekleriyle. Bayrampaşa'daki atölyemizde üretilir.",49,117
post,987907,Gümüş Yemek Bıçağı,Gümüş Yemek Bıçağı 3'lü ve 12'li | Dincel Çelik,"Gümüş model paslanmaz çelik yemek bıçağı, 3'lü ve 12'li paket seçenekleriyle. Bayrampaşa'daki atölyemizde üretilir.",47,115
post,987906,Gökkuşağı Yemek Bıçağı,Gökkuşağı Yemek Bıçağı 3'lü ve 12'li | Dincel Çelik,"Gökkuşağı model paslanmaz çelik yemek bıçağı, 3'lü ve 12'li paket seçenekleriyle. Bayrampaşa'daki atölyemizde üretilir.",51,119
post,987905,Platin Pasta Bıçağı,Platin Pasta Bıçağı 3'lü ve 12'li | Dincel Çelik,"Platin model paslanmaz çelik pasta bıçağı, 3'lü ve 12'li paket seçenekleriyle. Kaplama: sade, titanyum. Bayrampaşa'daki atölyemizde üretilir.",48,141
post,987904,Gümüş Pasta Bıçağı,Gümüş Pasta Bıçağı 3'lü ve 12'li | Dincel Çelik,"Gümüş model paslanmaz çelik pasta bıçağı, 3'lü ve 12'li paket seçenekleriyle. Bayrampaşa'daki atölyemizde üretilir.",47,115
post,987903,Platin Yemek Çatalı,Platin Yemek Çatalı 6'lı ve 12'li | Dincel Çelik,"Platin model paslanmaz çelik yemek çatalı, 6'lı ve 12'li paket seçenekleriyle. Kaplama: sade, titanyum. Bayrampaşa'daki atölyemizde üretilir.",48,141
post,987902,Okyanus Yemek Çatalı,Okyanus Yemek Çatalı 6'lı ve 12'li | Dincel Çelik,"Okyanus model paslanmaz çelik yemek çatalı, 6'lı ve 12'li paket seçenekleriyle. Bayrampaşa'daki atölyemizde üretilir.",49,117
post,987901,Gümüş Yemek Çatalı,Gümüş Yemek Çatalı 6'lı ve 12'li | Dincel Çelik,"Gümüş model paslanmaz çelik yemek çatalı, 6'lı ve 12'li paket seçenekleriyle. Bayrampaşa'daki atölyemizde üretilir.",47,115
post,987900,Gökkuşağı Yemek Çatalı,Gökkuşağı Yemek Çatalı 6'lı ve 12'li | Dincel Çelik,"Gökkuşağı model paslanmaz çelik yemek çatalı, 6'lı ve 12'li paket seçenekleriyle. Bayrampaşa'daki atölyemizde üretilir.",51,119
post,987899,Platin Tatlı Çatalı,Platin Tatlı Çatalı 6'lı ve 12'li | Dincel Çelik,"Platin model paslanmaz çelik tatlı çatalı, 6'lı ve 12'li paket seçenekleriyle. Kaplama: sade, titanyum. Bayrampaşa'daki atölyemizde üretilir.",48,141
post,987898,Okyanus Tatlı Çatalı,Okyanus Tatlı Çatalı 6'lı ve 12'li | Dincel Çelik,"Okyanus model paslanmaz çelik tatlı çatalı, 6'lı ve 12'li paket seçenekleriyle. Bayrampaşa'daki atölyemizde üretilir.",49,117
post,987897,Gümüş Tatlı Çatalı,Gümüş Tatlı Çatalı 6'lı ve 12'li | Dincel Çelik,"Gümüş model paslanmaz çelik tatlı çatalı, 6'lı ve 12'li paket seçenekleriyle. Bayrampaşa'daki atölyemizde üretilir.",47,115
post,987896,Gökkuşağı Tatlı Çatalı,Gökkuşağı Tatlı Çatalı 6'lı ve 12'li | Dincel Çelik,"Gökkuşağı model paslanmaz çelik tatlı çatalı, 6'lı ve 12'li paket seçenekleriyle. Bayrampaşa'daki atölyemizde üretilir.",51,119
post,987895,Platin Çay Kaşığı,Platin Çay Kaşığı 6'lı ve 12'li | Dincel Çelik,"Platin model paslanmaz çelik çay kaşığı, 6'lı ve 12'li paket seçenekleriyle. Kaplama: sade, gold, titanyum. Bayrampaşa'daki atölyemizde üretilir.",46,145
post,987894,Okyanus Çay Kaşığı,Okyanus Çay Kaşığı 6'lı ve 12'li | Dincel Çelik,"Okyanus model paslanmaz çelik çay kaşığı, 6'lı ve 12'li paket seçenekleriyle. Bayrampaşa'daki atölyemizde üretilir.",47,115
post,987893,Gümüş Çay Kaşığı,Gümüş Çay Kaşığı 6'lı ve 12'li | Dincel Çelik,"Gümüş model paslanmaz çelik çay kaşığı, 6'lı ve 12'li paket seçenekleriyle. Bayrampaşa'daki atölyemizde üretilir.",45,113
post,987892,Gökkuşağı Çay Kaşığı,Gökkuşağı Çay Kaşığı 6'lı ve 12'li | Dincel Çelik,"Gökkuşağı model paslanmaz çelik çay kaşığı, 6'lı ve 12'li paket seçenekleriyle. Bayrampaşa'daki atölyemizde üretilir.",49,117
post,987891,Platin Yemek Kaşığı,Platin Yemek Kaşığı 6'lı ve 12'li | Dincel Çelik,"Platin model paslanmaz çelik yemek kaşığı, 6'lı ve 12'li paket seçenekleriyle. Kaplama: sade, titanyum. Bayrampaşa'daki atölyemizde üretilir.",48,141
post,987890,Okyanus Yemek Kaşığı,Okyanus Yemek Kaşığı 6'lı ve 12'li | Dincel Çelik,"Okyanus model paslanmaz çelik yemek kaşığı, 6'lı ve 12'li paket seçenekleriyle. Bayrampaşa'daki atölyemizde üretilir.",49,117
post,987889,Gümüş Yemek Kaşığı,Gümüş Yemek Kaşığı 6'lı ve 12'li | Dincel Çelik,"Gümüş model paslanmaz çelik yemek kaşığı, 6'lı ve 12'li paket seçenekleriyle. Bayrampaşa'daki atölyemizde üretilir.",47,115
post,987888,Gökkuşağı Yemek Kaşığı,Gökkuşağı Yemek Kaşığı 6'lı ve 12'li | Dincel Çelik,"Gökkuşağı model paslanmaz çelik yemek kaşığı, 6'lı ve 12'li paket seçenekleriyle. Bayrampaşa'daki atölyemizde üretilir.",51,119
post,987887,Platin Tatlı Kaşığı,Platin Tatlı Kaşığı 6'lı ve 12'li | Dincel Çelik,"Platin model paslanmaz çelik tatlı kaşığı, 6'lı ve 12'li paket seçenekleriyle. Kaplama: sade, titanyum. Bayrampaşa'daki atölyemizde üretilir.",48,141
post,987886,Okyanus Tatlı Kaşığı,Okyanus Tatlı Kaşığı 6'lı ve 12'li | Dincel Çelik,"Okyanus model paslanmaz çelik tatlı kaşığı, 6'lı ve 12'li paket seçenekleriyle. Bayrampaşa'daki atölyemizde üretilir.",49,117
post,987885,Gümüş Tatlı Kaşığı,Gümüş Tatlı Kaşığı 6'lı ve 12'li | Dincel Çelik,"Gümüş model paslanmaz çelik tatlı kaşığı, 6'lı ve 12'li paket seçenekleriyle. Bayrampaşa'daki atölyemizde üretilir.",47,115
post,987884,Gökkuşağı Tatlı Kaşığı,Gökkuşağı Tatlı Kaşığı 6'lı ve 12'li | Dincel Çelik,"Gökkuşağı model paslanmaz çelik tatlı kaşığı, 6'lı ve 12'li paket seçenekleriyle. Bayrampaşa'daki atölyemizde üretilir.",51,119
post,987883,Platin Nescafe Kaşığı,Platin Nescafe Kaşığı 6'lı ve 12'li | Dincel Çelik,"Platin model paslanmaz çelik nescafe kaşığı, 6'lı ve 12'li paket seçenekleriyle. Kaplama: sade, titanyum. Bayrampaşa'daki atölyemizde üretilir.",50,143
post,987882,Platin Dondurma Kaşığı,Platin Dondurma Kaşığı 6'lı ve 12'li | Dincel Çelik,"Platin model paslanmaz çelik dondurma kaşığı, 6'lı ve 12'li paket seçenekleriyle. Kaplama: sade, titanyum. Bayrampaşa'daki atölyemizde üretilir.",51,144
