Ürün Kodu,Excel Ürün Adı,Sitedeki Ürün,Varyasyon,Tür,Barkod
DNC-002,Platin Yemek Çatalı (12'li),Platin Yemek Çatalı,,variation,8683581657010
DNC-003,Platin Tatlı Kaşığı (12'li),Platin Tatlı Kaşığı,,variation,8683581657034
DNC-004,Platin Tatlı Çatalı (12'li),Platin Tatlı Çatalı,,variation,8683581657041
DNC-005,Platin Çay Kaşığı (12'li),Platin Çay Kaşığı,,variation,8683581657058
DNC-006,Platin Yemek Bıçağı (12'li),Platin Yemek Bıçağı,,variation,8683581657027
DNC-007,Platin Pasta Bıçağı (12'li),Platin Pasta Bıçağı,,variation,8683581657065
DNC-008,Platin Dondurma Kaşığı (12'li),Platin Dondurma Kaşığı,,variation,8683581657089
DNC-009,Platin Nescafe Kaşığı (12'li),Platin Nescafe Kaşığı,,variation,8683581657072
DNC-010,Platin Servis Kepçesi,Platin Servis Kepçesi,,variation,8683581657096
DNC-011,Platin Servis Kevgiri,Platin Servis Kevgiri,,variation,8683581657102
DNC-012,Platin Servis Kaşığı,Platin Servis Kaşığı,,variation,8683581657119
DNC-013,Platin Servis Spatulası,Platin Servis Spatulası,,variation,8683581657126
DNC-014,Platin Servis Çatalı,Platin Servis Çatalı,,variation,8683581657133
DNC-015,Platin 5'li Servis Seti,Platin 5’li Servis Seti,,variation,8683581657638
DNC-017,Platin 36 Parça Çatal-Kaşık-Bıçak Seti,Platin Çatal Kaşık Bıçak Takımı,,variation,8683581657478
DNC-018,Platin 60 Parça Çatal-Kaşık-Bıçak Seti,Platin Çatal Kaşık Bıçak Takımı,,variation,8683581657485
DNC-019,Platin 72 Parça Çatal-Kaşık-Bıçak Seti,Platin Çatal Kaşık Bıçak Takımı,,variation,8683581657492
DNC-020,Platin 89 Parça Çatal-Kaşık-Bıçak Seti,Platin Çatal Kaşık Bıçak Takımı,,variation,8683581657515
DNC-025,Platin 36 Parça Çatal-Kaşık-Bıçak Seti Titanium,Platin Çatal Kaşık Bıçak Takımı,,variation,8683581657539
DNC-029,Platin Nescafe Kaşığı Titanium (6'lı),Platin Nescafe Kaşığı,,variation,8683581657560
DNC-030,Platin 5'li Servis Seti Titanium,Platin 5’li Servis Seti,,variation,8683581657645
DNC-037,Damla Salata Maşası,Damla Salata Maşası,,simple,8683613550708
DNC-040,Damla 3'lü Maşa Seti Titanium,Damla 3’lü Maşa Seti,,variation,8683581657423
DNC-049,Damla 3'lü Maşa Seti Gold,Damla 3’lü Maşa Seti,,variation,8683613550494
DNC-050,Gümüş Yemek Kaşığı (12'li),Gümüş Yemek Kaşığı,,variation,8683581657171
DNC-051,Gümüş Yemek Çatalı (12'li),Gümüş Yemek Çatalı,,variation,8683581657188
DNC-052,Gümüş Tatlı Kaşığı (12'li),Gümüş Tatlı Kaşığı,,variation,8683581657201
DNC-053,Gümüş Tatlı Çatalı (12'li),Gümüş Tatlı Çatalı,,variation,8683581657218
DNC-054,Gümüş Çay Kaşığı (12'li),Gümüş Çay Kaşığı,,variation,8683581657225
DNC-055,Gümüş Yemek Bıçağı (12'li),Gümüş Yemek Bıçağı,,variation,8683581657195
DNC-056,Gümüş Pasta Bıçağı (12'li),Gümüş Pasta Bıçağı,,variation,8683581657232
DNC-057,Gümüş Servis Kepçesi,Gümüş Servis Kepçesi,,simple,8683581657249
DNC-058,Gümüş Servis Kevgiri,Gümüş Servis Kevgiri,,simple,8683581657256
DNC-059,Gümüş Servis Kaşığı,Gümüş Servis Kaşığı,,simple,8683581657263
DNC-060,Gümüş Servis Spatulası,Gümüş Servis Spatulası,,simple,8683581657270
DNC-061,Gümüş Servis Çatalı,Gümüş Servis Çatalı,,simple,8683581657287
DNC-062,Gümüş 5'li Servis Seti,Gümüş 5’li Servis Seti,,simple,8683581657829
DNC-063,Gümüş 36 Parça Çatal-Kaşık-Bıçak Seti,Gümüş Çatal Kaşık Bıçak Takımı,,variation,8683581657720
DNC-064,Gümüş 60 Parça Çatal-Kaşık-Bıçak Seti,Gümüş Çatal Kaşık Bıçak Takımı,,variation,8683581657737
DNC-065,Gümüş 72 Parça Çatal-Kaşık-Bıçak Seti,Gümüş Çatal Kaşık Bıçak Takımı,,variation,8683581657744
DNC-066,Okyanus Yemek Kaşığı (12'li),Okyanus Yemek Kaşığı,,variation,8683581657294
DNC-067,Okyanus Yemek Çatalı (12'li),Okyanus Yemek Çatalı,,variation,8683581657300
DNC-068,Okyanus Tatlı Kaşığı (12'li),Okyanus Tatlı Kaşığı,,variation,8683581657324
DNC-069,Okyanus Tatlı Çatalı (12'li),Okyanus Tatlı Çatalı,,variation,8683581657331
DNC-070,Okyanus Çay Kaşığı (12'li),Okyanus Çay Kaşığı,,variation,8683581657348
DNC-071,Okyanus Yemek Bıçağı (12'li),Okyanus Yemek Bıçağı,,variation,8683581657317
DNC-073,Okyanus 36 Parça Çatal-Kaşık-Bıçak Seti,Okyanus Çatal Kaşık Bıçak Takımı,,variation,8683581657843
DNC-074,Okyanus 60 Parça Çatal-Kaşık-Bıçak Seti,Okyanus Çatal Kaşık Bıçak Takımı,,variation,8683581657850
DNC-078,Gökkuşağı Yemek Kaşığı (12'li),Gökkuşağı Yemek Kaşığı,,variation,8683581657362
DNC-079,Gökkuşağı Yemek Çatalı (12'li),Gökkuşağı Yemek Çatalı,,variation,8683581657454
DNC-080,Gökkuşağı Tatlı Kaşığı (12'li),Gökkuşağı Tatlı Kaşığı,,variation,8683581657386
DNC-081,Gökkuşağı Tatlı Çatalı (12'li),Gökkuşağı Tatlı Çatalı,,variation,8683581657393
DNC-082,Gökkuşağı Çay Kaşığı (12'li),Gökkuşağı Çay Kaşığı,,variation,8683581657409
DNC-083,Gökkuşağı Yemek Bıçağı (12'li),Gökkuşağı Yemek Bıçağı,,variation,8683581657379
DNC-084,Gökkuşağı 30 Parça Çatal-Kaşık-Bıçak Seti,Gökkuşağı Çatal Kaşık Bıçak Takımı,,variation,8683581657874
DNC-085,Gökkuşağı 36 Parça Çatal-Kaşık-Bıçak Seti,Gökkuşağı Çatal Kaşık Bıçak Takımı,,variation,8683581657881
DNC-086,Gökkuşağı 60 Parça Çatal-Kaşık-Bıçak Seti,Gökkuşağı Çatal Kaşık Bıçak Takımı,,variation,8683581657898
DNC-087,Gökkuşağı 72 Parça Çatal-Kaşık-Bıçak Seti,Gökkuşağı Çatal Kaşık Bıçak Takımı,,variation,8683581657904
DNC-088,Platin 84 Parça Çatal-Kaşık-Bıçak Seti,Platin Çatal Kaşık Bıçak Takımı,,variation,8683581657508
DNC-089,Platin Yemek Kaşığı (6'lı),Platin Yemek Kaşığı,,variation,8683613550005
DNC-090,Platin Yemek Çatalı (6'lı),Platin Yemek Çatalı,,variation,8683613550012
DNC-091,Platin Tatlı Çatalı (6'lı),Platin Tatlı Çatalı,,variation,8683613550043
DNC-092,Platin Tatlı Kaşığı (6'lı),Platin Tatlı Kaşığı,,variation,8683613550036
DNC-093,Platin Çay Kaşığı (6'lı),Platin Çay Kaşığı,,variation,8683613550067
DNC-095,Platin Pasta Bıçağı (3'lü),Platin Pasta Bıçağı,,variation,8683613550050
DNC-096,Platin Nescafe Kaşığı (6'lı),Platin Nescafe Kaşığı,,variation,8683613550074
DNC-097,Platin Dondurma Kaşığı (6'lı),Platin Dondurma Kaşığı,,variation,8683613550081
DNC-098,Gümüş Yemek Kaşığı (6'lı),Gümüş Yemek Kaşığı,,variation,8683613550098
DNC-099,Gümüş Yemek Çatalı (6'lı),Gümüş Yemek Çatalı,,variation,8683613550104
DNC-100,Gümüş Tatlı Kaşığı (6'lı),Gümüş Tatlı Kaşığı,,variation,8683613550128
DNC-101,Gümüş Tatlı Çatalı (6'lı),Gümüş Tatlı Çatalı,,variation,8683613550135
DNC-102,Gümüş Çay Kaşığı (6'lı),Gümüş Çay Kaşığı,,variation,8683613550159
DNC-103,Gümüş Pasta Bıçağı (3'lü),Gümüş Pasta Bıçağı,,variation,8683613550142
DNC-104,Gümüş Yemek Bıçağı (3'lü),Gümüş Yemek Bıçağı,,variation,8683613550111
DNC-105,Okyanus Yemek Kaşığı (6'lı),Okyanus Yemek Kaşığı,,variation,8683613550166
DNC-106,Okyanus Yemek Çatalı (6'lı),Okyanus Yemek Çatalı,,variation,8683613550173
DNC-107,Okyanus Tatlı Kaşığı (6'lı),Okyanus Tatlı Kaşığı,,variation,8683613550197
DNC-108,Okyanus Tatlı Çatalı (6'lı),Okyanus Tatlı Çatalı,,variation,8683613550203
DNC-109,Okyanus Çay Kaşığı (6'lı),Okyanus Çay Kaşığı,,variation,8683613550210
DNC-110,Okyanus Yemek Bıçağı (3'lü),Okyanus Yemek Bıçağı,,variation,8683613550180
DNC-111,Gökkuşağı Yemek Kaşığı (6'lı),Gökkuşağı Yemek Kaşığı,,variation,8683613550227
DNC-112,Gökkuşağı Yemek Çatalı (6'lı),Gökkuşağı Yemek Çatalı,,variation,8683613550234
DNC-113,Gökkuşağı Tatlı Kaşığı (6'lı),Gökkuşağı Tatlı Kaşığı,,variation,8683613550258
DNC-114,Gökkuşağı Tatlı Çatalı (6'lı),Gökkuşağı Tatlı Çatalı,,variation,8683613550265
DNC-115,Gökkuşağı Çay Kaşığı (6'lı),Gökkuşağı Çay Kaşığı,,variation,8683613550272
DNC-116,Gökkuşağı Yemek Bıçağı (3'lü),Gökkuşağı Yemek Bıçağı,,variation,8683613550241
DNC-120,Kelebek Maşa Seti Gold,Kelebek Maşa Seti,,variation,8683581657690
DNC-123,Kelebek Maşa Seti Gümüş,Kelebek Maşa Seti,,variation,8683613550623
DNC-125,Platin Çay Kaşığı Gold (12'li),Platin Çay Kaşığı,,variation,8683613550357
DNC-137,Platin 89 Parça Çatal-Kaşık-Bıçak Seti Titanium,Platin Çatal Kaşık Bıçak Takımı,,variation,8683613550470
DNC-139,Damla 3'lü Maşa Seti,Damla 3’lü Maşa Seti,,variation,8683613550500
DNC-140,Damla 3'lü Maşa Seti Mat Titanium,Damla 3’lü Maşa Seti,,variation,8683613550517
DNC-147,Platin Servis Kepçesi Titanium,Platin Servis Kepçesi,,variation,8683613550586
DNC-149,Platin Servis Kevgiri Titanium,Platin Servis Kevgiri,,variation,8683613550562
DNC-151,Kelebek Sunum Sosluk Gold,Kelebek Sunum Sosluk,,variation,8683613550326
DNC-152,Kelebek Sunum Sosluk Gümüş,Kelebek Sunum Sosluk,,variation,8683613550340
DNC-155,Platin Dondurma Kaşığı Titanium (6'lı),Platin Dondurma Kaşığı,,variation,8683613550784
DNC-157,Platin Servis Kaşığı Titanium,Platin Servis Kaşığı,,variation,8683613550609
DNC-158,Platin Servis Spatulası Titanium,Platin Servis Spatulası,,variation,8683613550579
DNC-159,Platin Servis Çatalı Titanium,Platin Servis Çatalı,,variation,8683613550555
DNC-160,Okyanus Sos Kepçesi,Okyanus Sos Kepçesi,,variation,8683613550547
DNC-161,Okyanus Sos Kevgiri,Okyanus Sos Kevgiri,,variation,8683613550630
DNC-162,Okyanus Sos Servis Kaşığı,Okyanus Sos Servis Kaşığı,,variation,8683613550371
DNC-163,Okyanus Sos Spatulası,Okyanus Sos Spatulası,,variation,8683613550364
DNC-164,Okyanus Sos Servis Çatalı,Okyanus Sos Servis Çatalı,,variation,8683613550524
DNC-165,Okyanus 5'li Sos Servis Seti,Okyanus 5’li Sos Servis Seti,,variation,8683613550616
DNC-166,Okyanus Sos Kepçesi Titanium,Okyanus Sos Kepçesi,,variation,8683613550661
DNC-177,Okyanus Sos Servis Kaşığı Mira Gold,Okyanus Sos Servis Kaşığı,,variation,8683613550739
DNC-179,Okyanus Sos Servis Çatalı Mira Gold,Okyanus Sos Servis Çatalı,,variation,8683613550753
DNC-186,Platin Yemek Kaşığı Titanium (6'lı),Platin Yemek Kaşığı,,variation,8683613550821
DNC-187,Platin Yemek Çatalı Titanium (6'lı),Platin Yemek Çatalı,,variation,8683613550838
DNC-188,Platin Tatlı Kaşığı Titanium (6'lı),Platin Tatlı Kaşığı,,variation,8683613550845
DNC-189,Platin Tatlı Çatalı Titanium (6'lı),Platin Tatlı Çatalı,,variation,8683613550852
DNC-190,Platin Çay Kaşığı Titanium (6'lı),Platin Çay Kaşığı,,variation,8683613550869
DNC-191,Platin Yemek Bıçağı Titanium (3'lü),Platin Yemek Bıçağı,,variation,8683613550876
DNC-192,Platin Pasta Bıçağı Titanium (3'lü),Platin Pasta Bıçağı,,variation,8683613550883
DNC-205,Zerafet 5'li Sunum Servis Seti Gümüş,Zerafet 5’li Sunum Servis Seti,,variation,8683613550982
DNC-206,Zerafet 5'li Sunum Servis Seti Gold,Zerafet 5’li Sunum Servis Seti,,variation,8683613550999
