Ürün Kodu,Excel Ürün Adı,Barkod
DNC-016,PLATİN 30 PRÇ Ç.K.B SET,8683581657461
DNC-021,Platin ? Mira Gold (ürün tipi dosya adında yok),8683581657683
DNC-022,Platin ? Mira Gold (ürün tipi dosya adında yok),8683581657676
DNC-023,1 AD TİTANİUM İSTİRİDYE ŞEKER MAŞASI,8683581657928
DNC-027,PLATİN 36 PRÇ GOLD SİYAH Ç.K.B SET,8683581657959
DNC-031,PLATİN 5 PRÇ GOLD SERVİS SET,8683581657669
DNC-032,PLATİN MAT TİTANİUM SEERVİS SET,8683613550647
DNC-033,PLATİN 5 PRÇ GOLD BEYAZ SET,8683581657621
DNC-034,3LÜ GOLD TOMURCUK MAŞA SET,8683581657966
DNC-035,PLATİN 5 PRÇ GOLD SİYAH SET,8683581657652
DNC-039,3'LÜ GÜMÜŞ TOMURCUK MAŞA SET,8683581657416
DNC-041,MAŞA SET GOLD SİYAH,8683581657430
DNC-043,İSTİRİDYE KAŞIK SET SADE,8683581657584
DNC-044,6'LI MİDYE KAŞIK TİTANİUM SET,8683581657591
DNC-045,MİDYE KAŞIK MAT TİTANİUM SET,8683613550487
DNC-047,6'LI MİDYE KAŞIK GOLD BEYAZ SET,8683581657614
DNC-048,6'LI İSTİRİDYE ÇAY  KAŞIK SADE,8683581657973
DNC-072,OKYANUS 30 PRÇ ÇKB SET,8683581657836
DNC-118,6'LI ÇUBUK ÇAY KAŞIK,8683581657911
DNC-121,BUZ MAŞASI 1 ADET,8683581657706
DNC-124,PLATİN 36 PRÇ GOLD(ALTIN) SET,8683581657522
DNC-128,PLATİN 72 PRÇ Ç.K.B TİTANİUM SET,8683613550388
DNC-129,"2,Lİ PASTA SET GOLD TÜY",8683613550395
DNC-130,"2,Lİ PASTA SET GÜMÜŞ TÜY",8683613550401
DNC-131,"3,LÜ MAT TİTANİUM MAŞA  SET",8683613550418
DNC-133,3'LÜ  GÜMÜŞ MAŞA BEYAZ  KELEBEK DEKORLU,8683613550432
DNC-134,3'LÜ MAŞA GÜMÜŞ SET KİRAZ DEKORLU,8683613550449
DNC-135,MİDYE KAŞIK SET SADE SİYAH,8683613550456
DNC-136,MİDYE KAŞIK SET SADE BEYAZ,8683613550463
DNC-138,"İSTİRİDYE SİYAH TİTANİUM 6,LI",8683613550333
DNC-148,"NESTCAFE KAŞIK SİYAH TİTANİUM 6,LI",8683613550319
DNC-178,MİRA GOLD SOS SERVİS SPATULA,8683613550746
DNC-185,LİLİUM GOLD AMBER SOS SERVİS SET,8683613550814
DNC-193,SALATA MAŞASI TİTANİUM,8683613550289
DNC-194,PASTA MAŞASI TİTANİUM,8683613550654
DNC-195,MAKARNA MAŞASI TİTANİUM,8683613550425
DNC-196,"2,Lİ GÜMÜŞ TÜY PASTA SERVİS SET",8683613550890
DNC-197,"5,Lİ GÜMÜŞ TÜY SOS SERVİS SET",8683613550906
DNC-198,"2,Lİ GOLD TÜY PASTA SERVİS SET",8683613550913
DNC-199,"5,Lİ GOLD TÜY SOS SERVİS SET",8683613550920
DNC-200,"2,Lİ GÜMÜŞ PASTA SET",8683613550937
DNC-201,"2,Lİ GOLD PASTA SET",8683613550944
DNC-202,"2,Lİ GOLD BLACK  PASTA SET",8683613550951
DNC-203,"2,Lİ MAT GOLD PASTA SET",8683613550968
DNC-204,"2,Lİ ANTİK MAT GOLD PASTA SET",8683613550975
