ID,SKU,"GTIN, UPC, EAN, or ISBN"
987990,DNC-002,8683581657010
987953,DNC-003,8683581657034
987981,DNC-004,8683581657041
987972,DNC-005,8683581657058
988004,DNC-006,8683581657027
987995,DNC-007,8683581657065
987941,DNC-008,8683581657089
987944,DNC-009,8683581657072
988029,DNC-010,8683581657096
988031,DNC-011,8683581657102
988027,DNC-012,8683581657119
988033,DNC-013,8683581657126
988035,DNC-014,8683581657133
988025,DNC-015,8683581657638
988018,DNC-017,8683581657478
988020,DNC-018,8683581657485
988021,DNC-019,8683581657492
988023,DNC-020,8683581657515
988019,DNC-025,8683581657539
987943,DNC-029,8683581657560
988026,DNC-030,8683581657645
987936,DNC-037,8683613550708
988058,DNC-040,8683581657423
988055,DNC-049,8683613550494
987957,DNC-050,8683581657171
987985,DNC-051,8683581657188
987948,DNC-052,8683581657201
987976,DNC-053,8683581657218
987966,DNC-054,8683581657225
987999,DNC-055,8683581657195
987992,DNC-056,8683581657232
987918,DNC-057,8683581657249
987920,DNC-058,8683581657256
987916,DNC-059,8683581657263
987922,DNC-060,8683581657270
987924,DNC-061,8683581657287
987914,DNC-062,8683581657829
988010,DNC-063,8683581657720
988011,DNC-064,8683581657737
988012,DNC-065,8683581657744
987959,DNC-066,8683581657294
987987,DNC-067,8683581657300
987950,DNC-068,8683581657324
987978,DNC-069,8683581657331
987968,DNC-070,8683581657348
988001,DNC-071,8683581657317
988015,DNC-073,8683581657843
988016,DNC-074,8683581657850
987955,DNC-078,8683581657362
987983,DNC-079,8683581657454
987946,DNC-080,8683581657386
987974,DNC-081,8683581657393
987964,DNC-082,8683581657409
987997,DNC-083,8683581657379
988005,DNC-084,8683581657874
988006,DNC-085,8683581657881
988007,DNC-086,8683581657898
988008,DNC-087,8683581657904
988022,DNC-088,8683581657508
987960,DNC-089,8683613550005
987988,DNC-090,8683613550012
987979,DNC-091,8683613550043
987951,DNC-092,8683613550036
987969,DNC-093,8683613550067
987993,DNC-095,8683613550050
987942,DNC-096,8683613550074
987939,DNC-097,8683613550081
987956,DNC-098,8683613550098
987984,DNC-099,8683613550104
987947,DNC-100,8683613550128
987975,DNC-101,8683613550135
987965,DNC-102,8683613550159
987991,DNC-103,8683613550142
987998,DNC-104,8683613550111
987958,DNC-105,8683613550166
987986,DNC-106,8683613550173
987949,DNC-107,8683613550197
987977,DNC-108,8683613550203
987967,DNC-109,8683613550210
988000,DNC-110,8683613550180
987954,DNC-111,8683613550227
987982,DNC-112,8683613550234
987945,DNC-113,8683613550258
987973,DNC-114,8683613550265
987963,DNC-115,8683613550272
987996,DNC-116,8683613550241
988059,DNC-120,8683581657690
988060,DNC-123,8683613550623
987971,DNC-125,8683613550357
988024,DNC-137,8683613550470
988057,DNC-139,8683613550500
988056,DNC-140,8683613550517
988030,DNC-147,8683613550586
988032,DNC-149,8683613550562
988064,DNC-151,8683613550326
988065,DNC-152,8683613550340
987940,DNC-155,8683613550784
988028,DNC-157,8683613550609
988034,DNC-158,8683613550579
988036,DNC-159,8683613550555
988042,DNC-160,8683613550547
988045,DNC-161,8683613550630
988048,DNC-162,8683613550371
988053,DNC-163,8683613550364
988051,DNC-164,8683613550524
988039,DNC-165,8683613550616
988043,DNC-166,8683613550661
988047,DNC-177,8683613550739
988050,DNC-179,8683613550753
987961,DNC-186,8683613550821
987989,DNC-187,8683613550838
987952,DNC-188,8683613550845
987980,DNC-189,8683613550852
987970,DNC-190,8683613550869
988003,DNC-191,8683613550876
987994,DNC-192,8683613550883
988063,DNC-205,8683613550982
988062,DNC-206,8683613550999
